video_id,title,publishedAt,views,likes,comments
-amHlcPIpgM,PLAYLIST 01 | songs to calm you down after a hard day | my20s,2022-09-14T14:30:11Z,597088,18359,485
N7sf_ijSvU8,Đây là tui khi ở nhà quá lâu 😂 | Choose your apocalypse partner wisely folks 👀 | my20s,2020-03-18T09:42:04Z,113589,11721,872
xKFI7atY3Ew,PLAYLIST 02 | songs for those lazy winter days at home | my20s,2023-01-18T13:01:29Z,106126,3376,60
RyxYD2jgtQ4,THỬ THÁCH CHỤP ẢNH Ở NHỮNG ĐỊA ĐIỂM XẤU XÍ | UGLY LOCATION PHOTOSHOOT CHALLENGE | my20s,2021-01-31T14:00:28Z,205596,12007,601
n3v29rTy_ls,PLAYLIST 03 | lay down and rest for a while | my20s,2023-04-16T14:40:24Z,90620,2441,92
B0VQoQvrFYw,DU HỌC ĐỨC 🇩🇪 | ĐI CHƠI CUỐI TUẦN CÙNG BỌN MÌNH | A very chill TRIP TO MUNICH | my20s ☁️,2019-04-06T09:54:39Z,229126,10442,681
8KUAVOljUY0,A SNOWY MORNING ❄️,2019-01-13T09:45:27Z,288440,9656,363
Z5_zmSIxveQ,Bên bờ biển | South of France | my20s,2024-09-07T15:26:37Z,143740,6499,255
FONtSZ9zRcE,🎄OUR CHRISTMAS IN GERMANY🎄 PART I 🎄,2018-12-24T10:21:54Z,214976,7042,260
1_PDXx5UO18,"Food diary | quán ăn, cafe, món ngon mà mình thích ở Frankfurt | my20s",2022-11-22T13:00:01Z,180400,6309,223
oNj-IWKRpgg,[sub] Hẹn hò ở Paris | my20s,2023-10-04T13:00:38Z,181483,5492,163
hj737rnCPXk,[SUB] Vlogmas EP.2 | LÀM ĐỒ UỐNG GIÁNG SINH | A CHRISTMAS DAY IN MY LIFE | my20s,2021-12-14T13:00:04Z,231108,11119,572
zswvrWAx-g8,"[sub] These days | Tốt nghiệp, mẹ sang chơi với mình, du lịch Bỉ | my20s",2024-03-12T15:07:15Z,188605,8110,269
9bFQLTN_IBo,Gardening Diary | Mùa hè tới rùiii | my20s,2023-05-22T13:42:25Z,154574,5380,408
w8m_2E2SAIY,After work | My night time routine | my20s,2022-08-28T14:01:27Z,234021,8278,645
OTjWSdXqGmc,DẠO NÀY ĂN GÌ ? | FOOD DIARY | my20s,2022-07-06T15:03:50Z,278524,10044,586
eV7Y3wkBOQo,[SUB] LÀM GÌ KHI CUỘC SỐNG TRỞ NÊN BÊ BỐI | getting my sh*t together | my20s,2021-11-30T13:02:39Z,348608,15731,701
sKr6KsHmk6Q,Living alone diary | Day in life of a content creator | my20s,2023-03-21T15:09:16Z,246008,6508,180
vNwcYSAaRfs,"[sub] Weekend getaway 🚂 | chợ đồ cũ, hải sản xô, chill coffee shops,… | my20s",2024-02-12T13:00:16Z,165501,7090,124
bXNBHHmATfQ,[sub] Sớm thu | my20s,2023-10-13T13:02:23Z,160206,4851,191
GcLiFGkzNqA,Living alone diaries | Mình trở lại Đức rùi | my20s,2023-03-12T14:04:45Z,211905,6017,413
DvOIkWVXh3U,MÌNH ĂN GÌ TRONG 1 TUẦN | KITCHEN DIARY | my20s,2023-07-06T13:03:27Z,209450,5542,360
HQJJ-G4nShU,Tập 3 | Một mình ở Osaka | Cuộc sống sau tốt nghiệp,2024-07-02T14:52:32Z,283587,11559,993
I2LXnDttjyY,[sub] Một ngày chăm sóc bản thân và làm việc hiệu quả | my20s,2023-11-10T14:49:32Z,189786,6066,175
WVmy6ZyIY_M,[sub] Rainy days | chill with me after exams | my20s,2023-08-03T14:39:40Z,174569,5980,476
IxXINgW9Yhs,1 TUẦN ĐẾN TRƯỜNG CÙNG MÌNH | my20s,2022-04-29T13:06:14Z,310223,11899,2161
MRKEHvEtVcQ,THRIFT STORE Ở HAMBURG | CHỢ HẢI SẢN | BẢO TÀNG NGHỆ THUẬT | my20s,2021-08-30T12:05:21Z,142533,8083,418
e2HJT5xQiec,[sub] 1 tuần ở Copenhagen | my20s,2023-08-19T13:41:35Z,166323,5500,270
Q5GfooiUVLg,🌺 #thachtrang #my20s #JISOO_FLOWER #지수꽃 #FLOWERchallenge #JISOO #지수 #BLACKPINK #블랙핑크,2023-04-08T08:36:05Z,89529,4298,34
gG9CI-dBqp8,Tập 1 | Mình đến Seoul làm gì? | Cuộc sống sau tốt nghiệp,2024-05-26T13:09:19Z,269426,9511,429
USXKg35kDZk,Tốt nghiệp rồi thì làm gì? | Q&A Update cuộc sống | my20s 🌳,2024-04-20T14:03:47Z,166701,5285,174
0jTAkJlXSsM,GẶP LẠI MẸ VÀ EM TRAI SAU 3 NĂM | UPDATE CHUYỆN ĐI THỬ VIỆC | my20s,2022-07-24T13:03:17Z,332394,13033,796
SVcDyaMOQPg,"[sub] Daily vlog | unbox giày mới, viết bài, selfcare | my20s",2023-11-04T13:00:49Z,155488,5169,197
Fl9uw1urBxE,"[sub] Vlogmas | LÊN NÚI NGẮM TUYẾT, TRANG TRÍ NHÀ ĐÓN GIÁNG SINH 🎄",2023-12-11T13:59:55Z,162991,6911,401
mQScu_-3IzE,[sub] Daily vlog | Mình đã trở lại rùi nè 🪿🌸,2024-01-24T14:00:34Z,160725,6093,296
i7p3kQSXEhc,"[sub] Làm gì khi thiếu cảm hứng sống, procrastinate | Getting our sh*t together 🦊",2023-10-21T06:43:44Z,197120,5863,153
AsEoPqp1Z4Y,BLACKFRIDAY HAUL | MÌNH MUA GÌ DỊP BLACKFRIDAY | my20s,2022-11-30T13:01:18Z,192174,5569,198
HovN78kyKUI,[sub] A week in my life | Đi học đi làm cùng mình | my20s,2023-05-04T13:00:41Z,236414,5778,731
VwGuvzQEhCU,CUỐI TUẦN ĂN GÌ? | GIẢI PHÁP ĂN UỐNG MỚI CHO KÌ THI BẬN RỘN | my20s,2022-03-17T13:00:35Z,221035,8547,278
e4dDHdPK-eg,"[SUB] Vlogmas EP.1 | Trang trí nhà đón giáng sinh, gói quà, mua cây thông 🌲 | my20s",2021-12-08T13:00:17Z,336050,16048,759
EY-d-OgMDmE,"[sub] Weekend in Berlin | nấu ăn, đi chợ đồ cũ | my20s",2023-09-08T15:43:47Z,240776,6222,299
Mmlk1rnG040,Tập 4 | Những ngày cuối ở Osaka | Cuộc sống sau tốt nghiệp,2024-07-10T06:18:47Z,233646,9895,719
xq-Tv_3Yi8g,Trở lại cuộc sống thường ngày | Nghỉ ngơi đi chơi cuối tuần cùng mình | my20s,2022-11-02T15:15:20Z,231976,7565,512
P1sYXwyfNUQ,[sub] Nhật kí mùa hè | summer diary | my20s,2023-08-30T14:58:31Z,266684,10077,668
M9swh2Dj8Vo,THÔNG TIN DU HỌC ĐỨC 2021 | Q&A DU HỌC ĐỨC | my20s x DAAD,2021-01-24T11:22:47Z,237024,10265,758
5V4c6k-fgp4,I’m back | NHỮNG VIỆC MÌNH LÀM SAU KHI NGHỈ VIỆC | xem những khi cuộc sống khó khăn quá ;) | my20s,2023-01-28T12:59:39Z,338115,8640,482
JdK1mtGcpRE,VLOGMAS EP2 | MÌNH LÀM GÌ VÀO MÙA ĐÔNG Ở ĐỨC | Aesthetic winter activities | my20s,2022-12-18T13:00:13Z,188986,5820,372
SUe3NKeeHzk,"Daily vlog | Tự nhuộm tóc hồng, make up chụp ảnh hoa đào, pha matcha, thiết kế merch | my20s",2024-03-26T13:12:42Z,155110,5624,193
Ok7dhtzi-Tk,TIPS CHĂM SÓC CƠ THỂ ĐỂ XINH TỪ ĐẦU ĐẾN CHÂN | Q&A UPDATE CUỘC SỐNG | my20s,2022-11-08T15:00:11Z,214813,6901,280
mzFyacZgC78,MAKEOVER BAN CÔNG NHÀ MÌNH | my20s,2022-06-28T13:00:25Z,245226,9292,570
mx6fru4TxKE,"[sub] Pinterest school girl | Outfit, makeup, hairstyles | my20s",2023-09-25T14:31:29Z,175720,4981,279
uP0NbN0oTUI,LẦN ĐẦU THỬ TẤT CẢ CÁC DỊCH VỤ XỊN SÒ Ở ĐỨC | my20s,2021-06-20T13:31:05Z,270009,12612,624
y4AHmPD-U44,TUẦN ĐẦU TIÊN ĐI LÀM TRONG CUỘC ĐỜI MÌNH | my20s,2022-08-23T13:04:54Z,258592,10916,658
_aIeooZao6U,CUỘC SỐNG DU HỌC MÙA DỊCH | TRANG SAO RỒI ? CÓ VỀ VIỆT NAM KHÔNG ? | my20s,2020-03-24T13:01:35Z,376000,17180,1062
tgMv-wRVkkY,SANG Ý ĐÓN MÙA HÈ | ĐẾN THĂM THÀNH PHỐ CALL ME BY YOUR NAME | my20s,2022-04-03T12:00:09Z,485993,17340,578
jSM6NSOeAU8,MẸ BAY SANG ĐỨC ĐÓN GIÁNG SINH VỚI MÌNH 😚🎄 | CHIT CHAT VÀ TRẢ LỜI CÂU HỎI CỦA CÁC BẠN ⛄️ | my20s,2019-12-14T14:01:21Z,362218,21545,1304
jyIQc0JXaSg,YOUTUBER CHALLENGE | LÀM TẤT CẢ CÁC VIDEO ĐƯỢC YÊU CẦU TRONG 1 VIDEO 🤨 | my20s,2020-04-27T13:03:26Z,374578,19272,1266
92gfNTK4Io0,[sub] Mini Vlog | Ngày cuối của cuộc đời sinh viên | my20s,2023-07-23T12:59:46Z,138030,5345,205
dhllQgjhm40,Du học sinh đi làm thêm có đủ sống không? | 1 ngày lương đi làm mua được gì ? | my20s,2023-05-30T15:41:51Z,202407,5176,273
9AaG-hmfZH0,LÀM NHỮNG VIỆC TỪ TRƯỚC ĐẾN GIỜ MUỐN LÀM NHƯNG CHƯA LÀM.. BÂY GIỜ MỚI LÀM 🦖 | my20s,2022-06-12T15:03:08Z,248590,11475,1152
rUnGfUeRkl8,[sub] Cũng là đón giao thừa nhưng mà nó lạ lắm | Berlin Trip phiên bản e trai | my20s 🪿,2024-02-19T13:00:16Z,138734,4655,338
svfbL41FhzE,LÀM GÌ KHI TÂM TRẠNG BẤT ỔN | THESE DAYS | my20s,2022-05-13T13:04:28Z,232000,10870,1095
MV0YaOvGovE,[SUB] ĐỌC NHỮNG ĐIỀU BẠN MẶC ĐỊNH VỀ MÌNH (P2) | READING PEOPLE’S ASSUMPTIONS ABOUT ME | my20s🌶🥵,2021-01-10T13:00:44Z,278359,12481,358
y4qmx8goar0,LÀM GÌ KHI CUỘC SỐNG TRỞ NÊN BÊ BỐI 😂 | MỤC TIÊU CHO NĂM MỚI | GIVEAWAY | my20s 🧁,2020-01-12T14:04:27Z,437900,15688,945
VGv6cOQyjyE,HAUL ĐỒ VINTAGE | STORMY ĐI BÁC SĨ | CÁCH DẮT MÈO ĐI DẠO | TOUR PHÒNG LÀM VIỆC TRÊN NOTION | my20s,2021-04-24T14:56:06Z,282756,13067,543
tetTMQiZz0U,CHUYỂN VÀO NHÀ MỚI CÙNG MÌNH | 15 NGÀY VÔ GIA CƯ 😂 | my20s,2021-10-19T14:32:10Z,372849,17994,868
Uq_2IuUzLAg,Vlogmas EP3 | Lần đầu bố sang Đức thăm mình | Dọn dẹp nhà cửa | Chuẩn bị quà cho bố | my20s,2022-12-24T05:50:39Z,264892,8538,260
5RHSqpExKk0,GỢI Ý MÓN ĂN NGON CHO CẢ TUẦN | FOOD DIARY | my20s,2020-06-24T13:02:54Z,403767,16424,858
qz7YQLfmNBM,ĐI DATE 1 MÌNH | my20s,2022-05-22T15:10:01Z,197502,8698,825
gAoRy4u6Jwo,THỬ THÁCH 72 GIỜ KHÔNG DÙNG ĐIỆN THOẠI | my20s,2022-04-18T13:00:42Z,276896,11002,293
9h72NoDUpFs,10K FOLLOWERS TRÊN TIKTOK CHỈ TRONG 1 NGÀY? | TRYING TO BECOME TIKTOK FAMOUS IN 24 HOURS | my20s,2021-03-14T13:00:03Z,239018,11765,410
GirdjCrq9-8,[SUB] ĐÓN TẾT Ở ĐỨC | DIY TRANG TRÍ NHÀ | my20s 🌸,2021-02-10T13:23:37Z,340290,13408,586
oQMY7sAWymk,[sub] Kỉ niệm | Augsburg Vlog | my20s,2023-04-30T14:02:36Z,135973,5518,491
QhW8iK1WcjE,"Q&A UPDATE CUỘC SỐNG DẠO NÀY | CHUYỂN NGÀNH, CHUYỂN NHÀ | my20s 🎨",2020-10-13T13:01:37Z,229900,13383,514
ngpnF8dEkU8,Những ngày kì diệu ở Paris | Working diary | my20s,2024-10-08T16:04:07Z,81774,4219,213
a4xVPPxmtAI,[SUB] Q&A CẬP NHẬT CUỘC SỐNG | A DAY IN MY LIFE | my20s,2021-11-11T13:27:48Z,286908,12461,623
M283hdjGn9Q,[SUB] HỌC NHỒI 24 TIẾNG TRƯỚC KHI ĐI THI VÀ QUA MÔN 😉| QUA HỌC VỚI MÌNH NÀO CÁC BẠN IU | my20s,2022-02-08T13:30:46Z,202779,8633,314
QhMUNiEI4dw,TÂM SỰ CHUYỆN HỌC HÀNH | SỢ GIAO TIẾP BẰNG TIẾNG NƯỚC NGOÀI QUA ĐIỆN THOẠI 😂 | my20s,2020-02-27T11:05:09Z,114131,8062,571
FnzkbCFiMG4,CÁC SẢN PHẨM YÊU THÍCH THÁNG 5 | MÓN ĐỒ THAY ĐỔI CUỘC ĐỜI ĐI CHỢ CỦA MÌNH | my20s,2021-06-05T14:05:32Z,141308,7677,462
5Xm_Htcgwo4,HỌC HÀNH STRESS QUÁ THÌ LÀM GÌ? | STUDY WITH ME | my20s,2022-07-20T13:00:04Z,166631,6986,442
xwQFPEVsSYk,"Random thoughts | Mất động lực, không biết phải làm gì | my20s",2021-04-05T12:30:22Z,236713,11987,603
CQ_e9vfHURQ,TRANG ĐI ĐÂU LÚC 2H SÁNG ??? | BLACKPINK - HOW YOU LIKE THAT MV REACTION | my20s,2020-06-27T13:00:14Z,341755,16047,689
Mtfr8fFglAw,Q&A | NHỮNG KHÓ KHĂN KHI HỌC NGOẠI NGỮ VÀ CÁCH GIẢI QUYẾT ✊🏻 | my20s,2019-07-13T11:03:40Z,313320,16160,1107
D7iB1TcOlNA,DU HỌC ĐỨC 🇩🇪 | CÁC BƯỚC DU HỌC ĐỨC | HÀNH TRÌNH DU HỌC CỦA MÌNH | my20s ✈️,2019-02-23T17:23:17Z,359938,13681,856
9jtbR3TFbuM,1 NGÀY ĐI BÁN TRÀ SỮA Ở BERLIN | BERLIN TRIP | PART 1 | my20s,2021-07-04T13:02:18Z,354483,17886,880
__lbHS4RYBM,KITCHEN TIPS FOR THOSE WHO LIVE ALONE | WHAT I EAT IN A DAY | my20s,2021-05-03T14:00:10Z,414582,14787,573
XwZOk7zNP08,Những ngày qua... | CHILL WITH ME | my20s,2021-05-23T13:01:20Z,279470,12471,609
cK5hZVpCKUA,ANOTHER DAY IN MY LIFE | ĐƯA STORMY ĐI KHÁM 🤧 | 1 NGÀY LÀM SEN 🌷| my20s,2019-12-08T14:00:12Z,272471,12124,661
Juuy7VwzgCo,MÌNH CHUYỂN VỀ QUÊ SỐNG?!! | MOVING VLOG | my20s,2021-10-08T13:00:36Z,316353,15359,645
ZlqhbhSdMHk,"VLOGMAS EP1 | LÊN NÚI NGẮM TUYẾT, TRANG TRÍ NHÀ ĐÓN GIÁNG SINH 🎄",2022-12-10T12:59:18Z,173139,6213,507
qiMLtXuT0LE,DU HỌC ĐỨC 🇩🇪 | MỘT NGÀY CỦA DU HỌC SINH ĐỨC | A DAY IN MY LIFE | My20s,2019-03-11T10:59:24Z,388086,12240,995
NPDjpM_s9Wc,HAMBURG TRIP | WHAT’S IN MY BAG | 5 STAR HOTEL | FINE DINING | my20s,2021-08-22T14:00:28Z,233523,11045,486
_ulClGEHceo,1 THÁNG TRANG TIÊU HẾT BAO NHIÊU ? | LÀM SAO ĐỂ CHI TIÊU HỢP LÝ | CHUYỆN KIẾM TIỀN VÀ TIẾT KIỆM TIỀN,2020-03-09T07:59:26Z,299384,13825,872
ZhH-Mwa03Vo,Tập 2 | My 1st TEDx | Cuộc sống sau tốt nghiệp,2024-06-19T14:03:48Z,88615,3623,121
AErf2U1J3Q0,1 NGÀY (thực sự) CỦA YOUTUBER | A DAY IN THE LIFE OF A YOUTUBER | my20s 🎥,2020-09-07T13:14:06Z,284016,12697,695
Q7tPkE3_Py0,CÔNG VIỆC CỦA MÌNH LÀ GÌ?! | CÁCH MÌNH QUẢN LÝ THỜI GIAN ĐỂ VỪA ĐI HỌC VỪA ĐI LÀM | my20s,2021-09-28T13:07:06Z,139871,6944,345
QAxMFVTo1OM,DU HỌC ĐỨC 🇩🇪 | MỘT NGÀY CỦA DU HỌC SINH ĐỨC | A DAY IN MY LIFE | ENGSUB | My20s,2019-01-24T23:51:56Z,2431490,44845,2502
ufOTOlKx5FI,STORMY ĐI TẮM | CÁCH TẮM CHO MÈO | my20s,2020-02-16T10:00:01Z,164458,9088,734
pJgFrvEHrsI,WEEKEND GETAWAY | ĐI DU LỊCH TRONG NƯỚC ĐỨC VỚI GIÁ 9€ | my20s,2022-06-24T13:00:33Z,211006,8395,749
JoTDxU0CU2Y,"Nhật kí 1 tuần ở Hà Nội | Cafe hopping, Tufting, Getting hair extensions, Karaoke… | my20s",2023-02-18T13:02:43Z,137462,5466,308
Rk0QDhzX19k,A WEEK IN MY LIFE | THỬ THÁCH HỌC NHỒI TỪ VỰNG VỚI 4ENGLISH | my20s,2020-03-15T02:00:03Z,144846,7003,544
AYnyLCON5KM,MY BIRTHDAY VLOG | ĐI DU LỊCH 1 MÌNH CÓ GÌ VUI | my20s 🚎,2020-03-03T09:00:11Z,380483,18926,1230
KAuPG-5twvQ,1 ngày của gia đình mình ở Hà Nội | Sắm chiếc TV 4K tốt nhất cho ba mẹ | my20s,2022-11-11T13:03:11Z,169694,5843,227
OkA_Mm4tLSM,TRANG TRÍ PHÒNG TRƯỚC KÌ THI | ĐI CHỢ ĐỒ CŨ | my20s,2020-06-13T13:01:13Z,273738,12553,542
sK0MIRd633k,[SUB] ĐÓN GIÁNG SINH CÙNG MÌNH | VLOGMAS TẬP CUỐI | my20s,2021-12-30T13:19:20Z,191199,9192,345
R2oBgFzbheg,[SUB] UNBOXING IPHONE 12 PRO MAX | 1 TUẦN HỌC VÀ LÀM VIỆC CÙNG MÌNH | my20s,2020-12-11T09:40:44Z,355714,13701,720
HeWNGVXYKMo,DU HỌC ĐỨC 🇩🇪 | 1 TUẦN CỦA DU HỌC SINH ĐỨC 👩🏻‍🦳 | A WEEK IN MY LIFE | my20s,2019-03-23T11:36:30Z,550519,18154,1108
4bFnn3p3Yys,SÀI GÒN VLOG | TRIP NÀY HƠI FAIL 😅 | LOANH QUANH SÀI GÒN VỚI TRANG | my20s,2019-09-16T12:00:13Z,298455,12738,875
UAPz6Up1r4k,[SUB] ĐẾN TRƯỜNG CÙNG MÌNH | THESE DAYS | my20s,2021-11-03T13:02:54Z,258432,13120,636
4U9hGIOzrf0,DU HỌC ĐỨC 🇩🇪 | THỬ THÁCH ĐI CHỢ CHO CẢ TUẦN VỚI 20€ | NẤU ĂN CÙNG THẠCH TRANG | my20s 🥦,2019-05-12T11:33:08Z,714753,25058,904
mfERFasALLI,DAILY VLOG | HỌC NGÀNH TRUYỀN THÔNG LÀ HỌC GÌ | HỌC VÀ LÀM VIỆC CÙNG MÌNH | my20s,2022-06-01T13:01:06Z,177513,7180,369
k_nSioz-vcQ,MỘT NGÀY CỦA MÌNH VÀ EM TRAI | my20s,2022-08-07T14:01:15Z,231036,8681,548
CxFh-s4dSew,HÀNH TRÌNH SĂN NHÀ Ở ĐỨC | TIPS TÌM NHÀ | APARTMENT HUNTING | my20s,2021-09-09T13:46:06Z,408377,18505,1000
sPs3saVBJy4,FOOD TOUR HẢI PHÒNG | lòng vòng ở Hải Phòng | my20s,2022-10-18T13:02:12Z,199874,7169,315
Jmqh6AYOp2M,1 NGÀY CỦA CHÚNG MÌNH | Q&A WITH THỊ CHÚI | my20s 🦫,2021-03-24T13:27:10Z,368658,12249,441
yDLGRoGiQYI,GET READY WITH ME + Q&A | TRANG ĐIỂM HÀNG NGÀY | CÁCH ĐÁNH SON CỦA TRANG 💁🏼‍♀️ | my20s,2019-04-27T10:02:02Z,265391,10232,560
EM4SnRQ8DCM,CUỘC SỐNG CỦA TRANG MÙA THI | STORMY ĐI LẠC 😱 | my20s,2020-07-19T11:29:58Z,405357,16269,2559
ewLXtnHtSEg,ĐI CHỢ ĐỒ CŨ | MUA ĐỒ TRANG TRÍ NHÀ MỚI | HANGING OUT WITH ME IN FRANKFURT | my20s,2020-10-18T13:30:29Z,234218,11028,440
GX5XhtN6h1M,Q&A - CÙNG NHAU TRỊ MỤN | ACNE RELATED Q&A | TẤT TẦN TẬT VỀ MỤN | my20s 🥬,2019-11-17T14:59:18Z,155796,8044,666
oee2mAeOg-I,TẾT 2020 | NẤU ĐỒ ĂN TẾT | NGƯỜI NƯỚC NGOÀI NGHĨ GÌ VỀ ĐỒ ĂN TRUYỀN THỐNG CỦA VIỆT NAM | my20s,2020-01-24T14:01:02Z,304325,12120,542
_P-1Abc_jKE,[SUB] A DAY IN MY LIFE | MUA CAMERA MỚI | UNBOX ĐỒ SKINCARE | HAUL ĐỒ BẾP | my20s,2022-02-15T14:00:07Z,229077,11398,357
AveNfjY3tHc,SINH NHẬT CỦA STORMY | THROWING MY CAT A BIRTHDAY PARTY 🥳 🎈,2020-09-14T13:40:22Z,134236,7841,455
bKV3ReIoaos,CHĂM SÓC BẢN THÂN NGÀY CUỐI TUẦN | SELF CARE ROUTINE | my20s,2019-08-18T11:59:09Z,356969,17287,1168
nfMUFzl7Qq0,"[sub] Podcast | Thạch Trang hồi xưa, Thạch Trang bây giờ | TEDxBUV | my20s",2023-09-17T13:01:44Z,91441,3660,167
mkDPqAIqgJA,"[SUB] 1 TUẦN HỌC VÀ LÀM VIỆC CÙNG MÌNH l UNBOX QUẦN ÁO, TRANG SỨC, MỸ PHẨM | my20s",2020-11-22T15:11:48Z,408515,15286,840
89UW2Ol6FAI,GOING HOME VLOG 🇻🇳| CÙNG MÌNH VỀ VIỆT NAM | my20s,2022-10-04T14:30:32Z,239670,11492,447
pJsltYmRZ3s,PARIS TRIP | LẦN ĐẦU ĐI ĐU IDOL | GẶP BLACKPINK Ở SÂN BAY | my20s,2021-10-03T13:01:10Z,410354,19078,700
usycyJ90sGo,DU HỌC ĐỨC 🇩🇪 | Q&A | MỘT VÀI ĐIỀU VỀ MÌNH 😬 | My20s,2019-02-07T10:10:27Z,573041,21677,1968
kOh0O_M1lr4,[SUB] STORMY MẤT TÍCH NGÀY CUỐI NĂM 😭 | ĐÓN NĂM MỚI CÙNG MÌNH 🥲 | my20s,2022-01-05T13:00:22Z,256751,11412,478
qlCialig7So,DU HỌC ĐỨC 🇩🇪 | NIGHTTIME ROUTINE | not really studying with me 🤓 | THÓI QUEN MỖI TỐI | my20s,2019-02-15T04:10:39Z,570529,19392,1546
2I-UII2ONrs,TIPS TỰ CHỤP ẢNH NGOÀI ĐƯỜNG✨ | PRESET LIGHTROOM MỚI | TRANG EDIT ẢNH NHƯ THẾ NÀO? | my20s,2020-08-30T12:59:50Z,366822,16811,933
YKj13WG6fTo,HANGING OUT WITH ME IN HANOI | TRANG LÀM GÌ ĐẦU TIÊN SAU 3 NĂM XA HÀ NỘI | ĐI ĐU ĐƯA HONG 🥳 | my20s,2019-09-09T12:01:31Z,354833,16288,1084
y_TWbI6BTyA,[SUB] 1 TUẦN ĂN TOÀN NẤM 🍄 | NHUỘM TÓC HỒNG | SWATCH BST MỚI NHẤT CỦA OFÉLIA | my20s,2020-12-21T14:00:18Z,446050,13129,1415
tnQmA3_5X7U,THRIFT STORES Ở BERLIN | HAUL QUẦN ÁO | ĐÓN THÊM 1 EM MÈO MỚI 🧐 | BERLIN CÓ GÌ VUI | my20s,2021-07-11T13:01:44Z,344991,13278,729
HWCLBNNV3Ds,CHUẨN BỊ CHO 1 NĂM MỚI PRODUCTIVE | NHỮNG TIPS NHỎ GIÚP MÌNH QUẢN LÝ CUỘC SỐNG CÁ NHÂN | my20s,2023-01-11T12:59:55Z,153437,4853,225
LovkrlisFMw,[SUB] MUKBANG TẾT | NEVER HAVE I EVER | ĂN TẾT Ở ĐỨC CÓ GÌ? | my20s🌸,2022-01-30T13:01:00Z,204612,7502,240
uZIqmbb9Vik,DU HỌC ĐỨC 🇩🇪 | PHỎNG VẤN CÁC BẠN SINH VIÊN NƯỚC NGOÀI | HỌC Ở ĐỨC CÓ KHÓ KHÔNG ? | my20s,2019-05-26T10:06:42Z,238402,9908,491
8Mu1xMVbgdM,STUDY FROM HOME | Tối đa hiệu suất học tập với bộ ứng dụng Microsoft 365 | my20s,2021-06-13T13:59:37Z,131733,6331,375
69Ac-TuL7KQ,MỘT NGÀY CỦA MÌNH VỚI 2 ĐUỸ MÈO | MEET MY NEW KITTEN | GRAMMARLY | my20s,2021-07-26T13:00:02Z,242826,11935,673
TRKPNSez6nM,[SUB] LÀM BÁNH CHUỐI LÚC NỬA ĐÊM | my20s,2022-01-13T14:37:16Z,199874,8359,330
FNQSSbKv7f0,LẦN ĐẦU ĐI XIN VIỆC Ở ĐỨC | my20s,2022-07-12T13:00:03Z,225716,9862,547
PkWb_UAv95M,[SUB] A DAY IN MY LIFE | UNBOXING MACBOOK PRO 2020 | NGÀY ĐẦU TIÊN CỦA KÌ HỌC MỚI | my20s,2020-11-09T13:01:42Z,289943,14696,1680
5SOiCZj1HBM,MY LIPS CARE ROUTINE | CÁCH DƯỠNG MÔI HỒNG VÀ GIẢM QUẦNG THÂM MẮT | và 1 xíu daily makeup 😂 | my20s,2020-03-17T13:07:30Z,262832,15924,2974
05u7mGJNi2Q,12 TIẾNG TRÊN MÁY BAY | VỀ NHÀ ĂN TẾT | my20s,2023-02-04T13:02:29Z,165198,4942,124
_Jr4d29mQUE,TỦ QUẦN ÁO CHỈ CÓ 30 ITEMS ?! | CÁCH XÂY DỰNG TỦ QUẦN ÁO TỐI GIẢN | LUÔN CÓ ĐỒ ĐỂ MẶC 🤌🏻 | my20s,2021-09-26T13:46:13Z,259285,11801,452
HW0Vwiq_tfg,Late Night Call | Q&A update cuộc sống | my20s,2023-03-04T14:01:46Z,131658,4558,272
2_cddfTvz_I,Lần đầu bước từ Youtube ra ngoài đời =))) | Recap Meet&Greet Hà Nội | my20s,2022-10-25T13:02:20Z,85710,4676,180
NihCZhhb0-w,ĐỌC NHỮNG ĐIỀU BẠN MẶC ĐỊNH VỀ MÌNH | READING PEOPLE’S ASSUMPTIONS ABOUT ME | my20s 🌶,2020-02-09T03:30:58Z,586302,25395,1023
NnbVOPphelU,Q&A | MẸ VÀ CHỊ CHUỐI AI HIỂU MÌNH HƠN | my20s,2022-08-03T14:32:27Z,173512,7866,556
aPFlbSmfefM,"TẠM BIỆT AUGSBURG | CHUYỂN TRƯỜNG, CHUYỂN NGÀNH, CHUYỂN NHÀ, CHUYỂN MÈO | my20s 📦",2020-10-04T14:24:19Z,430336,21119,1022
-ZuFmd1zHYQ,[SUB] BIRTHDAY VLOG | HAUL ĐỒ VINTAGE CỰC ƯNG Ý 🌸 | my20s,2022-02-22T14:00:37Z,255452,11569,594
jHYfkv2eiTc,🎄OUR CHRISTMAS IN GERMANY🎄PART II🎄,2018-12-31T15:11:46Z,161972,5300,227
8m9Jp2rhRGU,DU HỌC ĐỨC 🇩🇪 | ROOM TOUR | KÍ TÚC XÁ Ở ĐỨC | THĂM NHÀ TRANG 🤗 | my20s,2019-04-20T11:51:10Z,862308,23065,1317
nNRuzM54usg,"[sub] Glow up with me | tự cắt tóc wolf, tips chỉnh dáng, makeup | my20s",2023-06-19T13:01:35Z,284433,7685,312
M1CucCVzZ1g,Bathroom makeover | Decor trang trí lại nhà tắm | my20s,2022-04-11T12:59:44Z,221651,8363,287
4k0ACIF1kB4,[SUB] Vintage Apartment Tour 2022 | my20s,2022-01-18T13:02:00Z,529922,17478,790
rY0Jr5hHT08,CHUYẾN DU LỊCH TẠM BIỆT MÙA HÈ | INTO THE WILD | my20s,2021-09-21T13:05:28Z,273530,15103,600
4JM7gpxmR70,"[SUB] AMSTERDAM TRIP | ĐI XĂM, XỎ KHUYÊN, PHỐ ĐÈN ĐỎ, THỬ ĐỒ ĂN ĐƯỜNG PHỐ, CHỢ ĐỒ CŨ | my20s",2022-03-01T15:15:03Z,397234,15406,930
FVv9lWBpS6c,GOING HOME VLOG | VỀ THĂM GIA ĐÌNH SAU 3 NĂM | ĐI BAY VỚI TRANG 😎✈️,2019-09-03T12:16:07Z,663720,26350,1210
ceWVTNMUW-I,"Cách mình quay và edit video YouTube | camera, cách chỉnh màu video, nguồn nhạc bản quyền | my20s",2023-06-11T13:02:39Z,163157,7608,375
5m42U-4-AXQ,HOW I EDIT MY INSTAGRAM PHOTOS 2020 | LÀM SAO ĐỂ TRÔNG CAO LÊN MÀ KHÔNG CẦN KÉO CHÂN 😂📸 | my20s,2020-04-16T13:03:48Z,289798,15932,815
2gVbcuJcnN4,SINH NHẬT BỊ INSTA ĐIỀU KHIỂN | ZOOM FANMEETING | BIRTHDAY VLOG | my20s 🎂,2021-02-27T14:34:06Z,327860,14459,650
itUwrcZObHg,[SUB] GLOW UP TRONG 24H | ĐI INFLUENCER EVENT Ở ĐỨC CÙNG MÌNH | my20s,2021-10-25T14:01:09Z,268485,11844,600
1BlDt4Yf_iA,SĂN ĐỒ CŨ Ở ĐỨC | FRANKFURT| THRIFT WITH ME| my20s,2020-08-16T14:32:36Z,362259,18646,898
6O9MCH7Voys,"PHÁT TRIỂN BẢN THÂN, TÌM VIỆC, GIAO TIẾP XÃ HỘI, HỌC KĨ NĂNG MỚI | my20s",2022-03-22T14:00:18Z,111262,5550,118
h_KX3-ui6ac,NHỮNG THỨ HAY HO TRANG DÙNG TRONG THÁNG 10 | OCTOBER FAVORITES | my20s,2019-10-24T13:00:12Z,264450,13780,1353
2bTK3GPp0eg,TỦ ĐỒ SKINCARE CỦA MÌNH CÓ GÌ? | SKINCARE ROUTINE UPDATE | DỌN VÀ LẤP ĐẦY TỦ LẠNH | my20s,2021-08-02T13:01:06Z,192477,9727,447
sVKi5RlKFlA,1 NGÀY Ở HỘI AN | my20s,2023-02-26T13:00:16Z,139245,5349,215
H6webMEzfY4,TUẦN QUA TRANG MẶC GÌ | OUTFIT OF THE WEEK | TIPS PHỐI ĐỒ CHO MÙA THU ĐÔNG | my20s 🦦,2019-11-08T14:00:42Z,414933,18582,671
fbLeMxbROxs,EXTREME makeover | Thạch Trang phiên bản bánh bèo | my20s ☆彡,2021-12-21T13:13:43Z,174391,8934,441
lzLTW0I2TeI,TIPS LẤY LẠI ĐỘNG LỰC SAU KÌ NGHỈ DÀI | BACK TO SCHOOL TIPS | phiên bản du học sinh | my20s 🔥🔥🔥,2019-10-12T13:05:20Z,327598,15836,788
DvL8jzu9TWU,[sub] Berlin Vlog | Cuối tuần năng động =))) | my20s,2023-05-09T14:31:29Z,210336,6492,431
87MptM1wuzw,[SUB] HOW I TAKE MY INSTAGRAM PHOTOS | THEO TRANG ĐI CHỤP ẢNH 📸 | my20s,2019-06-29T10:01:04Z,821938,39135,1574
p9M0GQUXhO8,[SUB] 1 TUẦN DEADLINE NGẬP MẶT | CÁCH MÌNH QUẢN LÝ THỜI GIAN VÀ LÀM VIỆC HIỆU QUẢ | my20s,2021-01-17T15:00:11Z,269856,11007,491
Te5fcLGFjLs,MUNICH TRIP | ĐI CHỢ ĐỒ CŨ AUGSBURG | DUA LIPA CONCERT | my20s,2022-05-28T13:02:53Z,210146,7717,727
OCzq8u3JgEs,[sub] Closet makeover | dọn tủ quần áo cùng mình | DIY | my20s,2023-04-04T14:01:06Z,215193,5815,355
7sLbkQotH5c,GET READY WITH ME | TRẢI NGHIỆM TIÊM PHÒNG CV19 Ở ĐỨC | DẠO QUANH KHU NHÀ MỚI CỦA MÌNH | my20s 🌲,2021-09-16T13:00:11Z,219166,9742,528
ZXJB4qsVe_M,STORMY DE CHINGCHING | my20s 🐈,2019-11-23T13:00:55Z,358123,19665,957
Vcyk-V9VsLA,1CHIẾC VLOG RẤT DÀIIII 😂⛈ | TRẢ LỜI CÁC CÂU HỎI VỀ STORMY | STORMY Q&A | my20s,2019-12-01T13:03:34Z,317710,13521,1658
wM9vZo-DyKM,[SUB] VINTAGE WHITE RABBIT MAKEUP TUTORIAL | my20s,2020-11-28T13:01:59Z,156001,7836,338
mm484NQqhM4,[sub] I got a boob job | Quá trình chi tiết phẫu thuật và phục hồi | my20s,2023-03-30T14:30:06Z,570388,14880,809
_zBW6SUXhw8,"[SUB] APARTMENT MAKEOVER + TOUR | 700€ PRIVATE STUDENT APARTMENT IN DARMSTADT, GERMANY | my20s",2020-11-02T12:59:26Z,752428,29261,1219
7KRXJmP1JrA,SEPTEMBER FAVORITES | CÁCH DƯỠNG DA BODY ẨM MỊN ĐỀU MÀU | my20s 🧴🛁,2020-09-28T13:03:20Z,149929,7908,1088
7tRq_Jyeni4,Back to school giveaway | Cùng mình đi mua đồ dùng học tập cho mọi người | my20s,2022-09-06T13:30:42Z,184884,8244,1737
BhAO_iqxi00,ROOM TOUR | STORMY hỏi xin bác Chuối kính của JENNIE nhưng bác Chuối không muốn trả lời | my20s,2020-05-21T13:00:19Z,274551,12480,618
AQV8ZivpijA,MÚKTALK 🥄 | TEST TRÍ THÔNG MINH CỦA THẠCH TRANG | my20s,2020-05-23T13:00:35Z,149185,7310,470
I3hx3Mibjyo,CHUYẾN PICNIC MÙA XUÂN | TIPS CHỤP VÀ CHỈNH ẢNH | PRESET LIGHTROOM MỚI NHẤT | my20s,2021-03-28T13:31:14Z,264896,11059,480
aTqinhuVuJc,SÀI GÒN VLOG | MEET&GREET | my20s,2022-10-28T14:30:06Z,106023,4934,232
7eEb7QylS7Y,UNBOX NÚT BẠC VÀ NHỮNG SỰ THẬT THÚ VỊ VỀ THẠCH TRANG | my20s 👏🏻,2019-08-04T11:59:49Z,263535,18627,2077
XdOK9x-vIv0,GLOWING UP FOR CHRISTMAS | LÀM ĐẸP ĐÓN GIÁNG SINH | BÁC TRANG LẠI NHUỘM TÓC 😂 | my20s,2019-12-22T13:02:14Z,323465,13379,734
GCL4QFgmKSw,"DIY VLOG | Thử làm theo các hot trend trên TikTok, Pinterest | my20s",2021-04-18T13:00:30Z,401255,14764,581
L5XwVQAH8Cw,TUI BIẾT NÓI TIẾNG PHÁP ?!?🧐 | Thử thách 1 ngày nói tiếng Pháp tại Pháp | my20s,2022-05-05T13:14:26Z,365661,11179,1081
we3t0u4bxm4,[SUB] Q&A XĂM VÀ XỎ KHUYÊN | DAILY VLOG | my20s,2022-03-09T14:03:50Z,249628,9557,297
nzcVlSs8xmA,LẠI CHUYỂN NHÀ ?!?? | CHUYẾN ĐI BÃO TỐ | CÓ NÊN SỐNG Ở WIESBADEN ? | my20s,2021-05-29T14:01:55Z,334011,13477,826
saq31NnLWCY,Happy Easter 🐇 #thachtrang #my20s #fyp #xuhuong #viralmakeup #makeuptransformation,2023-04-09T11:22:46Z,44831,2624,13
oP8yPLcWxHg,GIVING MYSELF A MAKEOVER | THAY ĐỔI PHONG CÁCH | XỎ KHUYÊN Ở ĐỨC ĐẮT DÃ MAN 😭💗,2019-06-09T10:22:42Z,474618,18497,1284
CC6DLWPAeBM,CHĂM SÓC TÓC VÀ TẠO KIỂU | TRANG UỐN TÓC NHƯ NÀO | HOW I DO MY HAIR | my20s 🧖🏻‍♀️,2019-11-27T13:01:19Z,213768,10176,677
S3gpJXodNJs,Ở NHÀ VẪN CÓ ẢNH ĐẸP | HOW I TAKE INSTAGRAM PICS BY MYSELF | TIPS SỐNG ẢO ☺️ | my20s,2020-04-02T13:02:42Z,408211,18643,1680
mop62zbmJU4,HOW I LEARN ENGLISH | CÙNG MÌNH HỌC TIẾNG ANH 1 NGÀY | my20s 🤓,2019-06-15T11:01:23Z,271462,13148,814
wlmefOywQo4,LOANH QUANH CHÂU ÂU 🚞 | TRANG Ở BUDAPEST | TRAVEL VLOG | my20s,2020-01-05T13:04:12Z,417952,14796,802
AcduL_P4Kdg,DU HỌC ĐỨC 🇩🇪 | BLEACHING & DYING MY HAIR PASTEL BLUE ☁️ | TẨY VÀ NHUỘM TÓC TẠI NHÀ | my20s,2019-03-31T09:06:34Z,820801,20472,1121
yRadKYgMpJ0,SUMMER OUTFITS | HÈ NÀY MẶC GÌ ☀️ | my20s,2020-05-31T03:00:05Z,263760,14673,819
IlooeeXfB7U,TỰ TẨY CHÂN TÓC TẠI NHÀ | ĐI CHỢ ĐỒ CŨ | UNBOX ĐỒ SKINCARE MỚI | LÀM NƯỚC DETOX | THE MOVIE | my20s,2021-08-09T14:00:11Z,194509,9089,537
4yxHkYmjd2I,Recreating my old YouTube video | Sự thật sau chiếc vlog 2 triệu view | my20s,2021-05-15T13:01:04Z,146150,6916,429
UKnnxUEfhrI,AUGUST HAUL + BACK TO SCHOOL GIVE AWAY | Tháng 8 Trang mua gì ? | my20s,2019-08-24T12:00:34Z,339055,17691,1963
mop62zbmJU4,HOW I LEARN ENGLISH | CÙNG MÌNH HỌC TIẾNG ANH 1 NGÀY | my20s 🤓,2019-06-15T11:01:23Z,271462,13148,814
I0YxPC0pM7w,ĂN SẬP HÀ NỘI | ĐI XĂM LẦN ĐẦU | TẠI SAO TRANG MUỐN XĂM Ở VN | my20s,2019-10-04T11:59:32Z,473910,19168,1101
TodgK25WwqE,DU HỌC ĐỨC 🇩🇪 | SPRING DIARY | CUỘC SỐNG DU HỌC | my20s 🌧,2019-05-05T10:05:11Z,190930,8361,594
2818taY7Qko,"TIPS MUA, SỬA VÀ PHỐI QUẦN ÁO CŨ | THRIFT FLIP | my20s",2020-08-03T13:15:09Z,660936,25108,1076
IsuZzi3brUQ,[SUB] DIY TILE TABLE | REARRANGE MY APARTMENT | SẮP XẾP LẠI NHÀ CỬA TRƯỚC GIÁNG SINH | my20s,2021-11-23T13:34:51Z,204100,12029,612
bkmGY8GKRu4,LẦN ĐẦU ĐI FASHION WEEK | NHẬT KÍ ĐI DỰ EVENT CỦA 1 INTROVERT | my20s,2022-08-18T14:58:15Z,152399,7163,461
OOnsEzigPtk,HOW I EDIT MY INSTAGRAM PHOTOS | TRANG CHỈNH ẢNH NHƯ THẾ NÀO 🤔 | my20s,2019-07-09T10:05:59Z,519661,25570,879
PTiDgYb40aI,[SUB] Xuân này mặc gì | OOTW | my20s,2022-01-26T13:00:20Z,120643,5913,254
EcSW39NeRSA,[SUB] WINTER TRY ON HAUL | QUẦN ÁO MÙA ĐÔNG TUI MỚI MUA | urban outfitters | my20s,2020-12-27T13:00:11Z,212110,10425,458
Rra1lot9TTQ,TỰ CẮT TÓC NGẮN VÀ TÓC MÁI THƯA | CHIT CHAT | LÀM SAO ĐỂ TỰ TIN | my20s,2020-01-20T13:00:02Z,395040,13171,686
4Ozkdq8ET2w,[SUB] ABG (Asian Baby Girl) transformation | my20s,2021-02-16T15:00:36Z,850449,32104,1075
q3ofl9ZQAfE,DƯỠNG DA CĂNG BÓNG GIÁ RẺ | HOW I GET GLASS SKIN ♥️ | My20s,2019-02-01T10:41:55Z,654126,17616,989
g_lJfrLcRUw,CHỢ ĐỒ CŨ Ở ĐỨC CÓ GÌ 🧦 | ĐI SĂN ĐỒ CŨ CÙNG TRANG | my20s 🧵,2019-08-11T10:59:38Z,399014,16678,1006
Zhsm5M4YAPI,DU HỌC ĐỨC 🇩🇪 | ĐÓN SINH NHẬT CÙNG TRANG | ĐI CONCERT Ở ĐỨC | MY BIRTHDAY VLOG 🎂 | My20s,2019-03-01T09:43:25Z,384059,14142,895
